{"boundaryID": "LKA-ADM1-99731895", "boundaryISO": "LKA", "boundaryYear": "2017", "boundaryType": "ADM1", "boundarySource": "OpenStreetMap, Wambacher", "boundaryCanonical": "", "boundaryLicense": "Open Data Commons Open Database License 1.0", "licenseDetail": "Open Data Commons Open Database License 1.0", "licenseSource": "https//www.openstreetmap.org/copyright", "boundarySourceURL": "https//wambachers-osm.website/boundaries/", "sourceDataUpdateDate": "Thu Jan 19 07:31:04 2023", "buildDate": "Dec 12, 2023", "admUnitCount": "9", "meanVertices": "4081.0", "minVertices": "2695", "maxVertices": "6244", "meanPerimeterLengthKM": "708.4977533038359", "maxPerimeterLengthKM": "1136.7062812483814", "minPerimeterLengthKM": "447.2402802162403", "meanAreaSqKM": "7340.989240936138", "minAreaSqKM": "3712.9650586630332", "maxAreaSqKM": "10642.237141987569"}